{
  "name": "NorthwindBI",
  "version": "1.0",
  "interface": {
"primary":"#3aa4a4",
"primaryAlt":"#5eb7b7",
"primaryAlt2":"#377b7b",
"primaryAlt3":"#3aa4a4",
"primaryAlt4":"#6f6f6f",
"primaryContrast":"#fff",
"secondary":"#3aa4a4",
"secondaryAlt":"#5eb7b7",
"secondaryAlt2":"#555",
"secondaryAlt3":"#777",
"secondaryContrast":"#fff",
"neutralPrimary":"#fff",
"neutralPrimaryAlt":"#e1f0ef",
"neutralPrimaryAlt2":"#e1f0ef",
"neutralPrimaryAlt3":"#c8c8c8",
"neutralPrimaryContrast":"#000",
"neutralSecondary":"#fff",
"neutralSecondaryAlt":"#e1f0ef",
"neutralSecondaryAlt2":"#b7b7b7",
"neutralSecondaryAlt3":"#acacac",
"neutralSecondaryContrast":"#000",
"neutralTertiary":"#b7b7b7",
"neutralTertiaryAlt":"#e1f0ef",
"neutralTertiaryAlt2":"#e1f0ef",
"neutralTertiaryAlt3":"#fff",
"neutralTertiaryContrast":"#222",
"danger":"#c55b5b",
"success":"#3aa4a4",
"warning":"#F0AE3C",
"info":"#5bc0de",
"dangerContrast":"#fff",
"successContrast":"#fff",
"warningContrast":"#fff",
"infoContrast":"#fff",
"kpiGood":"#3aa4a4",
"kpiBad":"#c55b5b",
"kpiNeutral":"#F0AE3C",
"kpiNone":"#333",
"kpiGoodContrast":"#fff",
"kpiBadContrast":"#fff",
"kpiNeutralContrast":"#fff",
"kpiNoneContrast":"#fff"
  },
  "theme": {
    "dataPoints": [
      "#3AA4A4",
      "#4170A3",
      "#A35049",
      "#A37729",
      "#31A363",
      "#7F49A3",
      "#A35629",
      "#93A331",
      "#fdc336",
      "#ea3c00",
      "#00188f",
      "#9f9f9f"
    ],
    "good": "#3aa4a4",
    "bad": "#c55b5b",
    "neutral": "#F0AE3C",
    "none": "#333333",
    "background": "#ffffff",
    "foreground": "#222222",
    "mapBase": "#00aeef",
    "panelBackground": "#f6f6f6",
    "panelForeground": "#222222",
    "panelAccent": "#00aeef",
    "tableAccent": "#00aeef",
    "altBackground": "#f6f6f6",
    "altForeground": "#000000",
    "altMapBase": "#f68c1f",
    "altPanelBackground": "#235378",
    "altPanelForeground": "#ffffff",
    "altPanelAccent": "#fdc336",
    "altTableAccent": "#fdc336"
  }
}