{
 "name":"NorthwindBI",
 "version":"1.0",
 "interface":{
			"primary":"#3aa4a4" ,
			"primaryAlt":"#5eb7b7" ,
			"primaryAlt2":"#377b7b" ,
			"primaryAlt3":"#3aa4a4" ,
			"primaryAlt4":"#6f6f6f" ,
			"primaryContrast":"#ffffff" ,
			"secondary":"#3aa4a4" ,
			"secondaryAlt":"#5eb7b7" ,
			"secondaryAlt2":"#555555" ,
			"secondaryAlt3":"#777777" ,
			"secondaryContrast":"#ffffff" ,
			"neutralPrimary":"#ffffff" ,
			"neutralPrimaryAlt":"#e1f0ef" ,
			"neutralPrimaryAlt2":"#e1f0ef" ,
			"neutralPrimaryAlt3":"#c8c8c8" ,
			"neutralPrimaryContrast":"#000000" ,
			"neutralSecondary":"#ffffff" ,
			"neutralSecondaryAlt":"#e1f0ef" ,
			"neutralSecondaryAlt2":"#b7b7b7" ,
			"neutralSecondaryAlt3":"#acacac" ,
			"neutralSecondaryContrast":"#000000" ,
			"neutralTertiary":"#b7b7b7" ,
			"neutralTertiaryAlt":"#e1f0ef" ,
			"neutralTertiaryAlt2":"#e1f0ef" ,
			"neutralTertiaryAlt3":"#ffffff" ,
			"neutralTertiaryContrast":"#222222" ,
			"danger":"#c55b5b" ,
			"success":"#3aa4a4" ,
			"warning":"#f0ae3c" ,
			"info":"#5bc0de" ,
			"dangerContrast":"#ffffff" ,
			"successContrast":"#ffffff" ,
			"warningContrast":"#ffffff" ,
			"infoContrast":"#ffffff" ,
			"kpiGood":"#3aa4a4" ,
			"kpiBad":"#c55b5b" ,
			"kpiNeutral":"#f0ae3c" ,
			"kpiNone":"#333333" ,
			"kpiGoodContrast":"#ffffff" ,
			"kpiBadContrast":"#ffffff" ,
			"kpiNeutralContrast":"#ffffff" ,
			"kpiNoneContrast":"#ffffff" 
 },
 "theme":{
  "dataPoints":[
		"#3aa4a4" ,
		"#4170a3" ,
		"#a35049" ,
		"#a37729" ,
		"#31a363" ,
		"#7f49a3" ,
		"#a35629" ,
		"#93a331" ,
		"#fdc336" ,
		"#ea3c00" ,
		"#00188f" ,
		"#9f9f9f" 
  ],

			"good":"#3aa4a4" ,
			"bad":"#c55b5b" ,
			"neutral":"#f0ae3c" ,
			"none":"#333333" ,
			"background":"#ffffff" ,
			"foreground":"#222222" ,
			"mapBase":"#00aeef" ,
			"panelBackground":"#f6f6f6" ,
			"panelForeground":"#222222" ,
			"panelAccent":"#00aeef" ,
			"tableAccent":"#00aeef" ,
			"altBackground":"#f6f6f6" ,
			"altForeground":"#000000" ,
			"altMapBase":"#f68c1f" ,
			"altPanelBackground":"#3aa4a4" ,
			"altPanelForeground":"#ffffff" ,
			"altPanelAccent":"#fdc336" ,
			"altTableAccent":"#fdc336" 
 }
}